Comparison number,Winner ID,Loser ID,Is musician,
1,11,1,1,0,
2,2,72,1,0,
3,6,44,0,0,
4,7,28,0,0,
5,45,8,0,0,
6,52,12,1,0,
7,10,14,0,0,
8,21,17,0,0,
9,2,19,0,0,
10,18,82,1,0,
11,20,93,0,0,
12,23,18,0,0,
13,22,4,0,0,
14,24,15,0,0,
15,28,99,0,0,
16,17,27,0,0,
17,47,25,0,0,
18,29,86,0,0,
19,30,18,0,0,
20,1,31,0,0,
21,33,1,0,0,
22,33,1,0,0,
23,71,32,0,0,
24,36,25,0,0,
25,38,9,0,0,
26,100,39,0,0,
27,48,40,0,0,
28,55,41,0,0,
29,43,73,0,0,
30,62,44,0,0,
31,57,46,1,0,
32,47,4,1,0,
33,48,21,1,0,
34,49,52,1,0,
35,29,51,0,0,
36,24,58,1,0,
37,54,59,1,0,
38,60,70,1,0,
39,63,61,1,0,
40,64,4,1,0,
41,65,20,1,0,
42,67,63,1,0,
43,86,68,1,0,
44,69,67,1,0,
45,70,73,1,0,
46,84,71,1,0,
47,24,72,1,0,
48,73,25,1,0,
49,44,74,1,0,
50,75,87,1,0,
51,81,76,1,0,
52,77,96,1,0,
53,79,16,1,0,
54,81,79,1,0,
55,7,80,0,0,
56,82,100,1,0,
57,100,84,1,0,
58,77,78,0,0,
59,85,42,1,0,
60,83,55,0,0,
61,66,86,0,0,
62,94,88,0,0,
63,54,90,0,0,
64,91,57,0,0,
65,92,68,0,0,
66,41,93,0,0,
67,94,99,0,0,
68,21,87,1,0,
69,95,4,0,0,
70,28,96,1,0,
71,97,44,0,0,
72,61,98,1,0,
73,100,87,1,0,
74,72,99,0,0,
75,76,1,1,0,
76,39,3,1,0,
77,6,4,1,0,
78,18,2,0,0,
79,21,5,1,0,
80,36,6,0,0,
81,8,65,0,0,
82,9,80,0,0,
83,18,10,0,0,
84,78,11,0,0,
85,59,12,0,0,
86,75,13,0,0,
87,17,14,0,0,
88,85,15,0,0,
89,30,16,0,0,
90,19,72,1,0,
91,21,2,1,0,
92,37,24,1,0,
93,23,76,0,0,
94,59,25,0,0,
95,2,27,0,0,
96,28,67,0,0,
97,30,66,1,0,
98,31,51,1,0,
99,4,18,1,0,
100,28,33,1,0,
101,35,42,0,0,
102,36,87,0,0,
103,34,1,1,0,
104,23,44,0,0,
105,83,45,0,0,
106,53,46,0,0,
107,47,31,0,0,
108,45,48,0,0,
109,96,49,0,0,
110,65,50,0,0,
111,63,51,0,0,
112,79,53,0,0,
113,9,54,0,0,
114,55,43,0,0,
115,56,53,0,0,
116,58,98,0,0,
117,31,59,0,0,
118,60,46,0,0,
119,61,28,0,0,
120,62,10,0,0,
121,63,81,0,0,
122,18,65,0,0,
123,27,68,0,0,
124,70,21,0,0,
125,71,85,0,0,
126,69,46,0,0,
127,67,84,0,0,
128,74,100,0,0,
129,63,75,0,0,
130,73,66,0,0,
131,78,38,0,0,
132,12,76,0,0,
133,86,77,0,0,
134,79,41,0,0,
135,80,74,0,0,
136,81,12,0,0,
137,95,83,0,0,
138,85,88,0,0,
139,86,77,0,0,
140,56,87,0,0,
141,17,89,1,0,
142,70,91,1,0,
143,100,92,1,0,
144,37,93,0,0,
145,94,84,1,0,
146,26,95,1,0,
147,96,45,1,0,
148,97,73,1,0,
149,49,98,1,0,
150,99,67,1,0,
151,4,1,0,0,
152,28,2,0,0,
153,3,93,0,0,
154,5,13,0,0,
155,4,41,0,0,
156,27,6,0,0,
157,8,61,0,0,
158,10,35,0,0,
159,59,9,0,0,
160,11,31,0,0,
161,4,13,0,0,
162,68,12,0,0,
163,14,93,0,0,
164,38,17,0,0,
165,21,18,0,0,
166,19,70,0,0,
167,65,20,0,0,
168,21,90,0,0,
169,35,23,0,0,
170,24,26,0,0,
171,81,25,0,0,
172,94,38,1,0,
173,28,67,0,0,
174,84,29,0,0,
175,30,58,0,0,
176,31,63,0,0,
177,33,49,0,0,
178,58,32,1,0,
179,34,80,0,0,
180,8,36,0,0,
181,37,18,0,0,
182,38,86,0,0,
183,39,85,0,0,
184,79,40,0,0,
185,42,62,1,0,
186,99,43,1,0,
187,43,46,0,0,
188,91,47,0,0,
189,75,51,1,0,
190,86,53,1,0,
191,98,55,0,0,
192,56,71,0,0,
193,57,99,0,0,
194,46,54,1,0,
195,59,24,1,0,
196,6,58,0,0,
197,61,45,0,0,
198,12,63,1,0,
199,65,70,0,0,
200,24,66,1,0,
201,7,69,1,0,
202,72,1,1,0,
203,7,73,1,0,
204,76,58,0,0,
205,82,75,0,0,
206,88,77,0,0,
207,5,79,0,0,
208,80,73,0,0,
209,80,81,0,0,
210,78,58,0,0,
211,96,82,0,0,
212,84,71,0,0,
213,83,36,0,0,
214,73,85,0,0,
215,73,85,0,0,
216,86,18,0,0,
217,95,87,0,0,
218,89,19,0,0,
219,88,49,0,0,
220,16,90,0,0,
221,92,80,0,0,
222,5,91,0,0,
223,96,93,0,0,
224,6,27,1,0,
225,98,13,1,0,
226,97,91,1,0,
227,37,1,1,0,
228,6,100,1,0,
229,65,2,1,0,
230,58,3,1,0,
231,60,38,1,0,
232,5,30,1,0,
233,4,55,1,0,
234,39,9,0,0,
235,10,76,1,0,
236,76,12,1,0,
237,11,41,0,0,
238,56,13,1,0,
239,72,15,1,0,
240,17,47,0,0,
241,18,28,0,0,
242,51,19,0,0,
243,20,36,0,0,
244,21,31,0,0,
245,22,9,0,0,
246,23,32,0,0,
247,24,74,0,0,
248,25,90,0,0,
249,27,23,0,0,
250,28,36,0,0,
251,29,2,0,0,
252,64,32,0,0,
253,33,97,0,0,
254,41,36,0,0,
255,44,37,0,0,
256,24,38,1,0,
257,39,47,0,0,
258,42,25,1,0,
259,44,54,1,0,
260,99,43,0,0,
261,46,70,1,0,
262,96,48,1,0,
263,46,45,0,0,
264,75,49,1,0,
265,96,50,1,0,
266,52,4,1,0,
267,51,47,0,0,
268,29,53,1,0,
269,55,10,1,0,
270,56,94,1,0,
271,57,93,1,0,
272,96,59,1,0,
273,60,47,1,0,
274,87,58,0,0,
275,90,62,0,0,
276,42,63,0,0,
277,20,66,1,0,
278,62,67,1,0,
279,43,69,1,0,
280,43,69,1,0,
281,43,69,1,0,
282,68,86,0,0,
283,49,71,1,0,
284,42,73,1,0,
285,74,42,1,0,
286,85,72,0,0,
287,83,76,0,0,
288,23,78,0,0,
289,80,16,0,0,
290,75,36,1,0,
291,82,57,1,0,
292,81,7,0,0,
293,83,4,1,0,
294,25,85,1,0,
295,17,84,0,0,
296,89,86,1,0,
297,88,31,1,0,
298,90,30,0,0,
299,92,36,1,0,
300,45,93,1,0,
301,79,94,1,0,
302,95,15,1,0,
303,96,35,1,0,
304,97,85,1,0,
305,98,5,1,0,
306,59,99,1,0,
307,17,100,1,0,
308,1,87,1,0,
309,47,2,1,0,
310,3,87,1,0,
311,4,51,1,0,
312,77,5,1,0,
313,94,6,1,0,
314,21,7,1,0,
315,8,25,1,0,
316,63,9,1,0,
317,10,93,1,0,
318,14,11,1,0,
319,37,12,1,0,
320,89,13,1,0,
321,56,14,1,0,
322,22,15,1,0,
323,36,16,1,0,
324,75,17,1,0,
325,99,18,1,0,
326,31,19,1,0,
327,45,20,1,0,
328,41,21,1,0,
329,22,48,1,0,
330,23,9,1,0,
331,77,24,1,0,
332,70,25,1,0,
333,85,26,1,0,
334,27,68,1,0,
335,28,22,1,0,
336,47,29,1,0,
337,30,60,1,0,
338,31,83,1,0,
339,27,32,1,0,
340,33,29,1,0,
341,21,34,1,0,
342,7,35,1,0,
343,69,36,1,0,
344,39,37,1,0,
345,38,2,1,0,
346,39,85,1,0,
347,40,5,1,0,
348,41,8,1,0,
349,42,28,1,0,
350,92,43,1,0,
351,84,44,1,0,
352,36,46,1,0,
353,88,47,1,0,
354,35,45,0,0,
355,88,48,1,0,
356,50,37,1,0,
357,51,31,1,0,
358,73,49,0,0,
359,52,7,1,0,
360,65,54,1,0,
361,68,55,1,0,
362,46,56,1,0,
363,67,57,1,0,
364,58,5,1,0,
365,30,96,0,0,
366,82,59,1,0,
367,61,11,0,0,
368,61,26,1,0,
369,64,34,1,0,
370,22,65,1,0,
371,81,60,0,0,
372,66,98,1,0,
373,68,40,1,0,
374,69,8,1,0,
375,70,83,1,0,
376,77,71,1,0,
377,72,48,1,0,
378,74,30,1,0,
379,45,75,1,0,
380,76,60,1,0,
381,105,78,1,0,
382,6,79,1,0,
383,77,81,1,0,
384,80,98,1,0,
385,20,81,1,0,
386,82,45,1,0,
387,86,41,1,0,
388,84,119,1,0,
389,89,104,1,0,
390,88,48,1,0,
391,90,10,1,0,
392,113,91,1,0,
393,92,17,1,0,
394,120,89,1,0,
395,94,3,1,0,
396,83,95,1,0,
397,96,10,1,0,
398,97,20,1,0,
399,7,98,1,0,
400,35,99,1,0,
401,100,92,1,0,
402,117,114,1,0,
403,113,3,1,0,
404,19,3,1,0,
405,19,4,1,0,
406,80,5,1,0,
407,6,3,1,0,
408,7,30,1,0,
409,76,8,1,0,
410,6,84,1,0,
411,112,83,1,0,
412,11,10,1,0,
413,111,29,1,0,
414,100,118,1,0,
415,41,14,1,0,
416,114,14,1,0,
417,109,80,1,0,
418,81,17,1,0,
419,38,18,1,0,
420,115,19,1,0,
421,20,82,1,0,
422,21,27,1,0,
423,22,26,1,0,
424,23,41,1,0,
425,51,116,0,0,
426,117,26,0,0,
427,27,76,0,0,
428,28,79,0,0,
429,57,29,0,0,
430,86,30,0,0,
431,115,101,1,0,
432,33,77,1,0,
433,34,48,1,0,
434,35,100,1,0,
435,119,108,1,0,
436,50,37,1,0,
437,101,38,1,0,
438,39,4,1,0,
439,119,41,1,0,
440,109,42,1,0,
441,43,73,1,0,
442,45,20,1,0,
443,10,65,1,0,
444,47,117,1,0,
445,50,112,0,0,
446,31,89,0,0,
447,41,52,0,0,
448,51,106,0,0,
449,110,48,0,0,
450,17,55,0,0,
451,56,84,0,0,
452,57,103,0,0,
453,102,37,0,0,
454,61,23,0,0,
455,30,62,0,0,
456,104,60,1,0,
457,59,18,0,0,
458,31,63,0,0,
459,105,5,0,0,
460,100,68,0,0,
461,78,64,0,0,
462,65,31,1,0,
463,91,72,0,0,
464,5,48,1,0,
465,107,118,1,0,
466,76,80,1,0,
467,51,74,0,0,
468,77,41,1,0,
469,10,75,1,0,
470,80,47,1,0,
471,83,81,0,0,
472,119,84,0,0,
473,76,104,0,0,
474,119,81,0,0,
475,88,70,0,0,
476,113,90,0,0,
477,50,89,0,0,
478,17,91,0,0,
479,90,86,0,0,
480,94,98,0,0,
481,95,61,0,0,
482,96,59,0,0,
483,92,97,1,0,
484,98,101,0,0,
485,94,99,1,0,
486,117,40,0,0,
487,60,4,1,0,
488,5,118,1,0,
489,6,24,1,0,
490,112,62,0,0,
491,4,10,0,0,
492,11,45,0,0,
493,111,51,0,0,
494,118,34,0,0,
495,113,17,1,0,
496,114,61,1,0,
497,108,14,0,0,
498,109,22,1,0,
499,8,82,1,0,
500,20,41,0,0,
501,116,22,0,0,
502,20,24,0,0,
503,108,116,0,0,
504,111,27,0,0,
505,28,46,0,0,
506,27,29,0,0,
507,82,31,0,0,
508,40,33,0,0,
509,115,34,0,0,
510,7,23,1,0,
511,21,33,1,0,
512,119,35,0,0,
513,76,40,0,0,
514,65,43,0,0,
515,41,49,0,0,
516,24,51,1,0,
517,48,52,1,0,
518,112,48,0,0,
519,50,47,0,0,
520,103,97,1,0,
521,103,57,1,0,
522,45,83,0,0,
523,102,14,1,0,
524,115,56,0,0,
525,68,60,1,0,
526,101,62,1,0,
527,11,63,1,0,
528,61,86,0,0,
529,103,64,1,0,
530,10,47,1,0,
531,106,49,1,0,
532,69,112,1,0,
533,43,70,0,0,
534,3,72,0,0,
535,74,107,0,0,
536,68,63,1,0,
537,96,77,0,0,
538,109,75,0,0,
539,79,69,0,0,
540,82,100,0,0,
541,4,86,0,0,
542,119,99,0,0,
543,89,84,0,0,
544,116,91,0,0,
545,90,86,0,0,
546,108,120,0,0,
547,68,94,0,0,
548,95,4,0,0,
549,117,96,0,0,
550,116,99,0,0,
551,100,90,0,0,
552,107,117,0,0,
553,39,4,1,0,
554,52,3,1,0,
555,21,4,1,0,
556,90,5,1,0,
557,19,7,1,0,
558,89,10,1,0,
559,111,78,1,0,
560,34,118,1,0,
561,109,4,1,0,
562,110,86,1,0,
563,17,80,0,0,
564,21,55,0,0,
565,34,22,0,0,
566,18,118,1,0,
567,23,18,0,0,
568,73,116,0,0,
569,26,113,0,0,
570,102,19,1,0,
571,76,29,1,0,
572,65,28,0,0,
573,56,115,0,0,
574,33,24,0,0,
575,24,6,1,0,
576,34,29,0,0,
577,108,74,0,0,
578,35,30,1,0,
579,78,37,0,0,
580,39,116,0,0,
581,41,40,0,0,
582,41,10,0,0,
583,38,6,1,0,
584,42,7,0,0,
585,43,115,1,0,
586,91,101,0,0,
587,79,45,1,0,
588,55,46,0,0,
589,48,46,0,0,
590,49,73,0,0,
591,50,23,0,0,
592,51,68,0,0,
593,56,52,0,0,
594,103,60,1,0,
595,55,27,1,0,
596,55,56,0,0,
597,30,102,1,0,
598,60,59,1,0,
599,70,59,0,0,
600,62,27,1,0,
601,63,101,0,0,
602,6,57,0,0,
603,64,34,1,0,
604,68,49,1,0,
605,42,69,1,0,
606,70,22,1,0,
607,60,61,0,0,
608,41,47,1,0,
609,79,75,1,0,
610,74,69,0,0,
611,76,104,1,0,
612,63,77,0,0,
613,79,105,0,0,
614,111,80,0,0,
615,79,78,1,0,
616,33,82,1,0,
617,69,81,0,0,
618,102,83,1,0,
619,84,63,0,0,
620,49,104,1,0,
621,86,110,0,0,
622,37,88,0,0,
623,90,117,0,0,
624,23,89,0,0,
625,120,86,0,0,
626,63,92,0,0,
627,119,60,1,0,
628,98,59,0,0,
629,37,99,0,0,
630,117,4,1,0,
631,113,57,1,0,
632,95,4,1,0,
633,5,6,0,0,
634,65,6,1,0,
635,62,11,1,0,
636,118,29,1,0,
637,31,55,1,0,
638,118,112,1,0,
639,114,14,1,0,
640,106,19,1,0,
641,109,88,0,0,
642,59,20,0,0,
643,119,21,1,0,
644,51,17,1,0,
645,118,11,0,0,
646,116,77,1,0,
647,104,23,0,0,
648,26,64,0,0,
649,106,28,0,0,
650,31,20,0,0,
651,3,115,0,0,
652,33,88,0,0,
653,14,97,1,0,
654,117,34,0,0,
655,35,109,1,0,
656,108,56,0,0,
657,47,38,0,0,
658,35,37,1,0,
659,39,38,0,0,
660,78,40,0,0,
661,23,42,0,0,
662,43,70,0,0,
663,6,122,0,0,
664,134,89,1,0,
665,7,41,1,0,
666,50,11,1,0,
667,51,84,1,0,
668,110,114,1,0,
669,52,121,1,0,
670,41,154,1,0,
671,103,7,1,0,
672,56,42,1,0,
673,153,62,1,0,
674,96,152,1,0,
675,60,94,1,0,
676,92,102,1,0,
677,61,114,1,0,
678,62,124,1,0,
679,127,63,1,0,
680,147,65,1,0,
681,108,105,1,0,
682,103,64,1,0,
683,62,68,1,0,
684,106,60,0,0,
685,70,123,1,0,
686,106,149,1,0,
687,177,83,1,0,
688,107,50,0,0,
689,174,34,1,0,
690,176,178,1,0,
691,168,6,0,0,
692,97,164,1,0,
693,166,78,1,0,
694,169,76,1,0,
695,151,92,1,0,
696,79,164,0,0,
697,117,83,1,0,
698,150,171,1,0,
699,125,82,1,0,
700,163,160,0,0,
701,159,130,1,0,
702,173,156,1,0,
703,162,88,1,0,
704,119,92,1,0,
705,90,42,1,0,
706,127,33,1,0,
707,120,169,1,0,
708,109,94,1,0,
709,23,95,1,0,
710,96,88,1,0,
711,112,97,1,0,
712,92,8,1,0,
713,167,100,1,0,
714,100,179,1,0,
715,170,113,1,0,
716,131,180,1,0,
717,161,22,1,0,
718,60,155,1,0,
719,148,6,1,0,
720,82,117,1,0,
721,41,7,1,0,
722,168,8,1,0,
723,166,143,1,0,
724,125,112,1,0,
725,172,11,1,0,
726,116,111,1,0,
727,148,52,1,0,
728,174,114,1,0,
729,174,109,1,0,
730,96,17,1,0,
731,30,156,1,0,
732,172,23,1,0,
733,147,157,1,0,
734,158,21,1,0,
735,90,22,1,0,
736,61,23,1,0,
737,33,20,1,0,
738,82,24,1,0,
739,116,174,1,0,
740,175,42,1,0,
741,134,169,0,0,
742,56,31,1,0,
743,115,39,0,0,
744,6,28,1,0,
745,108,8,1,0,
746,39,96,0,0,
747,127,157,0,0,
748,79,42,0,0,
749,158,90,0,0,
750,151,150,0,0,
751,165,107,1,0,
752,127,185,1,0,
753,187,37,1,0,
754,163,158,1,0,
755,196,51,1,0,
756,196,51,1,0,
757,37,52,0,0,
758,172,192,1,0,
759,56,173,1,0,
760,153,43,1,0,
761,175,102,1,0,
762,60,95,1,0,
763,181,190,1,0,
764,189,21,0,0,
765,170,186,0,0,
766,197,50,1,0,
767,65,167,0,0,
768,159,105,1,0,
769,182,68,1,0,
770,161,62,1,0,
771,188,186,1,0,
772,70,6,1,0,
773,177,51,1,0,
774,168,120,1,0,
775,79,76,1,0,
776,192,198,1,0,
777,33,78,1,0,
778,184,79,1,0,
779,125,151,1,0,
780,28,82,1,0,
781,105,106,1,0,
782,195,162,1,0,
783,193,159,1,0,
784,173,90,1,0,
785,159,51,1,0,
786,198,119,1,0,
787,88,105,1,0,
788,185,162,1,0,
789,175,90,1,0,
790,127,196,1,0,
791,27,106,1,0,
792,92,62,1,0,
793,184,79,0,0,
794,158,97,1,0,
795,97,100,1,0,
796,113,41,1,0,
797,176,116,1,0,
798,131,108,1,0,
799,161,187,1,0,
800,6,112,1,0,
801,170,196,1,0,
802,112,150,1,0,
803,102,182,1,0,
804,186,28,1,0,
805,111,114,1,0,
806,148,82,1,0,
807,188,166,1,0,
808,109,148,1,0,
809,199,162,0,0,
810,183,102,0,0,
811,185,181,0,0,
812,21,197,1,0,
813,23,35,0,0,
814,24,117,1,0,
815,116,88,0,0,
816,182,175,1,0,
817,28,6,1,0,
818,43,191,1,0,
819,60,27,0,0,
820,60,27,0,0,
821,31,115,0,0,
822,33,189,0,0,
823,194,7,0,0,
824,127,35,0,0,
825,103,108,0,0,
826,94,37,0,0,
827,39,21,0,0,
828,166,165,0,0,
829,193,158,1,0,
830,6,185,1,0,
831,170,51,1,0,
832,52,199,1,0,
833,120,110,1,0,
834,192,159,1,0,
835,103,61,1,0,
836,151,56,1,0,
837,153,43,1,0,
838,78,102,1,0,
839,168,95,1,0,
840,170,131,1,0,
841,65,56,1,0,
842,105,96,1,0,
843,106,23,1,0,
844,183,68,1,0,
845,31,188,1,0,
846,116,70,1,0,
847,108,107,1,0,
848,177,68,1,0,
849,176,191,1,0,
850,168,187,1,0,
851,76,131,1,0,
852,28,198,1,0,
853,111,78,1,0,
854,79,52,1,0,
855,151,197,1,0,
856,193,35,1,0,
857,159,6,1,0,
858,170,119,1,0,
859,111,88,1,0,
860,97,120,0,0,
861,134,95,0,0,
862,60,96,0,0,
863,150,97,0,0,
864,125,62,0,0,
865,175,117,1,1394823045,
866,131,186,0,1394823152,
867,161,176,0,1394823169,
868,186,182,0,1394823183,
869,6,52,0,1394823199,
870,61,186,1,1394823845,
871,148,108,0,1394824083,
872,113,199,1,1394824331,
873,192,162,1,1394824535,
874,7,21,1,1394824547,
875,181,28,1,1394824562,
876,183,96,1,1394824847,
877,24,159,1,1394824896,
878,116,184,1,1394824932,
879,27,172,1,1394824940,
880,175,147,1,1394824997,
881,134,31,1,1394825242,
882,88,31,1,1394825274,
883,115,90,1,1394825295,
884,33,41,1,1394825318,
885,194,147,1,1394825341,
886,114,23,1,1394825820,
887,39,21,1,1394825832,
888,106,165,1,1394825846,
889,41,27,1,1394825858,
890,177,197,1,1394825870,
891,43,167,1,1394825881,
892,189,150,1,1394825895,
893,134,161,1,1394825907,
894,159,185,1,1394825921,
895,187,43,1,1394825931,
896,163,172,1,1394826319,
897,27,50,1,1394826357,
898,52,100,1,1394826742,
899,17,51,1,1394826863,
900,103,92,1,1394827141,
901,192,105,1,1394827154,
902,56,162,1,1394827511,
903,190,120,0,1394827684,
904,27,189,0,1394829484,
905,134,170,0,1394829496,
906,151,105,0,1394829581,
907,187,106,0,1394829608,
908,68,190,0,1394829640,
909,197,198,0,1394829798,
910,79,70,0,1394830114,
911,195,95,1,1394832190,
912,116,193,1,1394832473,
913,159,150,0,1394832500,
914,119,131,0,1394832527,
915,88,27,0,1394832547,
916,162,131,0,1394832568,
917,181,127,1,1394832964,
918,92,200,1,1394833002,
919,175,120,1,1394833043,
920,177,94,1,1394833127,
921,95,176,1,1394833202,
922,88,96,1,1394833298,
923,125,37,1,1394833504,
924,166,100,1,1394833642,
925,116,117,1,1394833646,
926,161,88,1,1394833672,
927,182,176,1,1394833695,
928,6,117,1,1394833705,
929,7,23,1,1394833716,
930,196,131,1,1394833728,
931,112,102,1,1394833739,
932,162,186,1,1394833780,
933,174,199,1,1394833788,
934,30,17,1,1394833805,
935,114,31,0,1394833814,
936,51,172,1,1394833819,
937,21,90,1,1394833849,
938,127,23,1,1394833881,
939,151,24,1,1394833901,
940,17,116,1,1394833922,
941,115,175,1,1394833943,
942,153,27,1,1394833967,
943,28,153,1,1394833990,
944,191,95,1,1394834011,
945,176,30,1,1394834031,
946,127,31,1,1394834050,
947,115,105,1,1394834071,
948,21,33,1,1394834093,
949,194,117,1,1394834115,
950,108,37,1,1394834138,
951,199,35,0,1394834150,
952,172,37,1,1394834172,
953,39,33,1,1394834197,
954,200,193,0,1394834203,
955,127,165,1,1394834222,
956,127,41,0,1394834229,
957,92,43,0,1394834249,
958,62,102,1,1394834298,
959,189,150,1,1394834377,
960,125,185,1,1394834390,
961,187,199,1,1394834403,
962,163,90,1,1394834419,
963,200,50,1,1394834434,
964,52,107,1,1394834453,
965,110,90,1,1394834464,
966,170,103,1,1394834554,
967,51,56,1,1394834571,
968,192,112,0,1394834601,
969,153,161,1,1394834623,
970,68,190,1,1394834640,
971,185,60,1,1394834652,
972,61,65,1,1394834665,
973,62,82,1,1394834676,
974,189,173,1,1394834690,
975,153,65,1,1394834703,
976,105,23,1,1394834715,
977,170,108,0,1394834725,
978,106,197,1,1394834727,
979,188,31,1,1394834740,
980,68,41,0,1394834740,
981,107,165,0,1394834750,
982,70,185,1,1394834753,
983,105,177,0,1394834761,
984,196,176,1,1394834766,
985,168,158,1,1394834780,
986,76,175,0,1394834784,
987,198,119,1,1394834792,
988,110,78,0,1394834793,
989,151,197,0,1394834803,
990,186,79,1,1394834816,
991,195,60,1,1394834829,
992,199,193,1,1394834842,
993,159,52,1,1394834851,
994,173,37,1,1394834861,
995,119,35,1,1394834871,
996,188,88,1,1394834881,
997,52,90,1,1394834924,
998,127,23,1,1394834935,
999,182,92,1,1394834946,
1000,111,94,1,1394834956,
1001,158,120,1,1394834999,
1002,56,96,1,1394835024,
1003,97,198,1,1394835053,
1004,167,102,1,1394835087,
1005,43,95,1,1394835109,
1006,33,100,1,1394835112,
1007,198,113,1,1394835121,
1008,117,106,1,1394835125,
1009,176,131,1,1394835148,
1010,176,131,1,1394835148,
1011,197,6,1,1394835162,
1012,196,163,1,1394835176,
1013,112,23,1,1394835200,
1014,166,102,1,1394835212,
1015,108,111,1,1394835248,
1016,52,148,1,1394835283,
1017,114,168,1,1394835344,
1018,17,82,1,1394835383,
1019,23,172,1,1394835406,
1020,51,147,1,1394835428,
1021,96,21,0,1394835658,
1022,181,17,0,1394835671,
1023,24,109,1,1394835722,
1024,153,116,1,1394835746,
1025,175,65,1,1394835772,
1026,196,28,1,1394836837,
1027,120,191,1,1394836859,
1028,31,30,1,1394836880,
1029,56,31,1,1394836900,
1030,108,115,1,1394836922,
1031,33,37,1,1394836942,
1032,194,134,1,1394836963,
1033,35,102,1,1394836984,
1034,108,50,1,1394837004,
1035,172,200,1,1394837106,
1036,167,41,1,1394837147,
1037,112,43,1,1394837182,
1038,191,197,0,1394837192,
1039,158,159,1,1394837206,
1040,125,134,1,1394837246,
1041,208,114,1,1394837271,
1042,207,187,1,1394837353,
1043,163,96,1,1394837374,
1044,125,50,1,1394837394,
1045,51,94,1,1394837433,
1046,111,52,1,1394837450,
1047,202,110,1,1394837469,
1048,192,76,1,1394837656,
1049,56,216,1,1394837681,
1050,153,134,1,1394837707,
1051,219,172,1,1394838119,
1052,76,205,1,1394838143,
1053,60,30,1,1394838158,
1054,112,61,1,1394838176,
1055,175,62,1,1394838193,
1056,195,189,1,1394838210,
1057,170,199,1,1394838233,
1058,65,79,1,1394838250,
1059,163,105,1,1394838267,
1060,127,106,1,1394838283,
1061,116,68,1,1394838300,
1062,194,188,1,1394838314,
1063,43,70,1,1394838333,
1064,170,177,1,1394838348,
1065,116,107,0,1394838366,
1066,68,176,1,1394838368,
1067,204,168,1,1394838388,
1068,220,76,1,1394838415,
1069,195,201,1,1394838439,
1070,108,211,1,1394838456,
1071,108,79,1,1394838469,
1072,181,151,1,1394838522,
1073,184,192,1,1394838528,
1074,195,7,1,1394838537,
1075,202,159,1,1394838551,
1076,173,6,1,1394838594,
1077,119,27,1,1394838609,
1078,88,159,1,1394838625,
1079,209,94,1,1394838684,
1080,127,200,1,1394838715,
1081,92,30,1,1394838738,
1082,163,203,1,1394838764,
1083,28,94,1,1394839147,
1084,61,97,1,1394839183,
1085,125,115,1,1394839209,
1086,170,167,1,1394839221,
1087,207,191,1,1394839235,
1088,117,65,1,1394839250,
1089,65,113,1,1394839269,
1090,170,217,1,1394839294,
1091,161,21,1,1394839308,
1092,6,116,1,1394839424,
1093,7,111,1,1394839449,
1094,182,115,1,1394839522,
1095,202,112,1,1394839536,
1096,176,166,1,1394839560,
1097,206,200,1,1394839592,
1098,68,199,0,1394840201,
1099,114,158,0,1394840313,
1100,17,21,0,1394840347,
1101,6,172,1,1394840387,
1102,202,109,1,1394840405,
1103,202,183,1,1394840410,
1104,21,158,1,1394840476,
1105,212,6,1,1394840521,
1106,174,175,1,1394840544,
1107,116,166,1,1394840547,
1108,209,28,1,1394840560,
1109,196,27,1,1394840573,
1110,187,214,1,1394840609,
1111,214,35,1,1394840636,
1112,191,193,1,1394840646,
1113,108,27,1,1394840662,
1114,39,167,1,1394840682,
1115,210,214,1,1394840703,
1116,174,215,1,1394840726,
1117,7,158,1,1394840913,
1118,113,216,1,1394840933,
1119,134,200,1,1394840954,
1120,125,200,1,1394842020,
1121,187,114,1,1394842419,
1122,70,50,1,1394842448,
1123,51,79,1,1394842511,
1124,207,52,1,1394842545,
1125,205,103,1,1394842569,
1126,166,110,1,1394842591,
1127,192,211,1,1394842592,
1128,208,153,1,1394842612,
1129,6,219,1,1394842631,
1130,205,177,1,1394842653,
1131,62,30,0,1394844852,
1132,96,189,0,1394844871,
1133,170,172,0,1394844891,
1134,65,210,0,1394844924,
1135,134,105,0,1394844944,
1136,97,106,0,1394845211,
1137,170,163,1,1394845699,
1138,70,61,1,1394845723,
1139,220,177,1,1394845761,
1140,176,193,1,1394845788,
1141,174,43,1,1394845811,
1142,168,109,1,1394845828,
1143,209,76,1,1394845850,
1144,94,211,0,1394846834,
1145,125,79,0,1394846849,
1146,151,191,0,1394846863,
1147,125,202,1,1394847208,
1148,207,195,1,1394847253,
1149,94,193,1,1394847275,
1150,220,159,1,1394847295,
1151,173,218,1,1394847320,
1152,158,97,1,1394847840,
1153,125,205,1,1394847868,
1154,167,176,1,1394847898,
1155,207,68,1,1394847921,
1156,113,148,0,1394848006,
1157,151,217,0,1394848027,
1158,161,70,0,1394848047,
1159,35,6,0,1394848774,
1160,134,7,0,1394848803,
1161,112,115,1,1394848894,
1162,177,166,1,1394849001,
1163,163,206,1,1394849022,
1164,111,68,1,1394849041,
1165,220,199,1,1394849080,
1166,192,114,1,1394850162,
1167,114,109,1,1394850184,
1168,17,96,1,1394850211,
1169,196,172,1,1394850237,
1170,183,68,0,1394850344,
1171,21,68,0,1394850381,
1172,181,176,0,1394850414,
1173,76,212,0,1394850439,
1174,24,43,0,1394850461,
1175,175,216,1,1394851198,
1176,27,95,1,1394851251,
1177,202,28,1,1394851281,
1178,206,191,1,1394851306,
1179,30,6,1,1394851330,
1180,194,51,0,1394852382,
1181,175,35,0,1394852411,
1182,112,108,0,1394852430,
1183,220,219,0,1394852452,
1184,94,200,0,1394852473,
1185,94,200,0,1394852484,
1186,65,39,0,1394852562,
1187,62,215,0,1394852582,
1188,210,116,0,1394852604,
1189,213,114,0,1394852627,
1190,119,43,0,1394852646,
1191,166,216,0,1394855713,
1192,33,109,0,1394855713,
1193,134,79,0,1394855738,
1194,208,206,0,1394855771,
1195,189,50,1,1394856245,
1196,208,51,1,1394856260,
1197,205,52,1,1394856285,
1198,110,112,1,1394856304,
1199,219,103,1,1394856323,
1200,210,192,1,1394856355,
1201,210,219,1,1394857949,
1202,205,28,1,1394857975,
1203,108,60,1,1394858000,
1204,187,61,1,1394858023,
1205,170,213,1,1394866918,
1206,193,105,1,1394867035,
1207,183,106,1,1394867079,
1208,68,115,0,1394867098,
1209,70,105,0,1394867124,
1210,188,103,1,1394867125,
1211,52,107,0,1394867146,
1212,174,30,0,1394867218,
1213,196,168,0,1394867250,
1214,65,76,0,1394867265,
1215,201,105,0,1394867284,
1216,211,182,0,1394867336,
1217,28,79,0,1394867359,
1218,151,153,0,1394867382,
1219,184,76,0,1394867425,
1220,202,210,0,1394867433,
1221,159,148,0,1394867456,
1222,119,125,0,1394867468,
1223,65,173,1,1394867471,
1224,187,88,0,1394867472,
1225,183,218,0,1394867477,
1226,176,127,0,1394867481,
1227,92,209,0,1394867486,
1228,209,174,1,1394867493,
1229,95,43,0,1394867508,
1230,92,96,0,1394867530,
1231,207,216,0,1394868796,
1232,161,163,1,1394869948,
1233,182,97,1,1394869979,
1234,220,6,1,1394870005,
1235,43,7,1,1394870033,
1236,116,196,1,1394870108,
1237,112,119,1,1394870136,
1238,166,174,1,1394870166,
1239,92,206,1,1394870191,
1240,163,111,1,1394870214,
1241,199,176,1,1394870223,
1242,181,148,1,1394870249,
1243,191,109,1,1394872688,
1244,17,33,1,1394872723,
1245,196,172,1,1394872759,
1246,212,183,1,1394872836,
1247,217,21,1,1394872867,
1248,181,191,1,1394872894,
1249,212,30,1,1394872928,
1250,208,24,1,1394872954,
1251,116,181,1,1394872986,
1252,175,217,1,1394873022,
1253,214,27,1,1394873068,
1254,203,28,1,1394873074,
1255,88,191,1,1394873078,
1256,218,30,1,1394873082,
1257,214,158,1,1394873104,
1258,115,94,1,1394873124,
1259,177,194,1,1394873524,
1260,191,35,1,1394873558,
1261,203,108,1,1394873580,
1262,220,174,1,1394873616,
1263,200,28,1,1394873646,
1264,215,30,1,1394873693,
1265,210,200,0,1394873719,
1266,116,213,1,1394873727,
1267,43,24,0,1394873748,
1268,168,158,1,1394873749,
1269,215,216,0,1394873771,
1270,134,114,1,1394873773,
1271,108,187,1,1394873803,
1272,168,163,1,1394873897,
1273,103,51,1,1394873921,
1274,109,52,1,1394873940,
1275,96,110,1,1394873962,
1276,192,217,0,1394874142,
1277,56,187,0,1394874185,
1278,220,153,0,1394874206,
1279,61,219,0,1394874226,
1280,205,182,0,1394874248,
1281,60,62,0,1394874267,
1282,61,159,0,1394874286,
1283,216,62,0,1394874305,
1284,189,167,0,1394874325,
1285,153,65,1,1394875244,
1286,103,106,0,1394875376,
1287,182,68,1,1394875491,
1288,209,107,1,1394875506,
1289,177,182,1,1394875529,
1290,176,114,1,1394875557,
1291,174,97,1,1394875578,
1292,24,168,1,1394875610,
1293,125,76,1,1394875641,
1294,52,211,0,1394875707,
1295,184,177,0,1394875981,
1296,70,202,0,1394876022,
1297,151,21,0,1394876026,
1298,195,158,0,1394876041,
1299,28,119,0,1394876097,
1300,174,88,0,1394876125,
1301,209,28,1,1394876134,
1302,151,127,1,1394876151,
1303,218,211,0,1394876164,
1304,203,212,0,1394876233,
1305,39,95,1,1394876302,
1306,167,213,0,1394877112,
1307,207,215,0,1394877141,
1308,177,113,1,1394878663,
1309,161,109,1,1394878696,
1310,194,217,0,1394878724,
1311,159,6,0,1394878764,
1312,196,177,1,1394878877,
1313,192,166,0,1394879509,
1314,188,111,0,1394879548,
1315,167,199,0,1394879605,
1316,148,116,0,1394879647,
1317,114,203,0,1394879649,
1318,17,76,0,1394879721,
1319,188,204,0,1394879751,
1320,196,172,1,1394879754,
1321,21,61,1,1394879782,
1322,207,183,0,1394879787,
1323,181,24,0,1394879902,
1324,70,175,1,1394880005,
1325,27,21,1,1394880032,
1326,28,148,1,1394880060,
1327,117,50,0,1394880684,
1328,214,17,0,1394880775,
1329,187,115,0,1394880811,
1330,170,194,0,1394880856,
1331,35,94,0,1394880879,
1332,99,54,1,1394881248,
1333,220,214,1,1394881283,
1334,113,200,1,1394881328,
1335,215,24,1,1394881427,
1336,213,35,0,1394881784,
1337,43,6,0,1394881794,
1338,188,158,0,1394881806,
1339,175,216,0,1394881832,
1340,134,205,0,1394881848,
1341,208,117,0,1394881907,
1342,76,187,0,1394881930,
1343,163,114,0,1394881943,
1344,50,148,0,1394881953,
1345,51,206,0,1394881977,
1346,52,183,0,1394881992,
1347,214,192,0,1394882381,
1348,56,21,0,1394882411,
1349,153,173,0,1394882462,
1350,219,175,0,1394882515,
1351,192,205,0,1394882550,
1352,189,62,1,1394883239,
1353,176,189,1,1394883253,
1354,191,170,1,1394883288,
1355,43,105,1,1394883738,
1356,106,116,1,1394883783,
1357,205,68,1,1394883820,
1358,161,70,1,1394883867,
1359,107,189,1,1394883874,
1360,176,68,1,1394883883,
1361,174,70,1,1394883891,
1362,168,35,1,1394883898,
1363,189,76,1,1394883904,
1364,70,201,1,1394883912,
1365,211,95,1,1394883919,
1366,177,68,1,1394883924,
1367,183,79,1,1394883927,
1368,184,172,1,1394883935,
1369,204,202,1,1394883944,
1370,151,106,1,1394883945,
1371,195,187,1,1394883952,
1372,159,194,1,1394883960,
1373,95,173,1,1394883968,
1374,196,119,1,1394883976,
1375,88,7,1,1394883983,
1376,209,6,1,1394883990,
1377,7,218,1,1394883998,
1378,127,27,1,1394884007,
1379,92,76,1,1394884014,
1380,203,61,1,1394884023,
1381,183,94,1,1394884030,
1382,6,95,1,1394884051,
1383,208,96,1,1394884058,
1384,112,97,1,1394884066,
1385,62,125,1,1394884076,
1386,199,167,1,1394884083,
1387,207,187,1,1394884090,
1388,127,117,1,1394884097,
1389,113,106,1,1394884105,
1390,217,114,1,1394884113,
1391,161,79,1,1394884122,
1392,182,168,1,1394884129,
1393,28,6,1,1394884136,
1394,184,7,1,1394884142,
1395,208,196,1,1394884149,
1396,215,112,1,1394884158,
1397,163,166,1,1394884167,
1398,206,188,1,1394884173,
1399,174,111,1,1394884181,
1400,153,199,1,1394884189,
1401,148,108,1,1394884196,
1402,114,94,1,1394884204,
1403,21,109,1,1394884213,
1404,174,17,1,1394884220,
1405,92,172,1,1394884227,
1406,204,163,1,1394884234,
1407,183,211,1,1394884242,
1408,21,56,1,1394884276,
1409,181,115,1,1394884282,
1410,212,211,1,1394884289,
1411,200,24,1,1394884297,
1412,176,116,1,1394884304,
1413,175,108,1,1394884312,
1414,27,65,1,1394884320,
1415,163,28,1,1394884327,
1416,127,191,1,1394884333,
1417,30,109,1,1394884357,
1418,214,62,1,1394884363,
1419,189,115,1,1394884370,
1420,35,27,1,1394886189,
1421,108,216,1,1394886209,
1422,200,92,1,1394886231,
1423,39,114,1,1394886251,
1424,215,95,1,1394886274,
1425,214,210,1,1394886294,
1426,88,220,0,1394886338,
1427,43,220,0,1394886384,
1428,92,158,0,1394886415,
1429,183,216,0,1394886443,
1430,134,43,0,1394886486,
1431,208,163,0,1394886524,
1432,183,163,0,1394887456,
1433,168,51,1,1394887973,
1434,168,51,1,1394887974,
1435,159,110,1,1394888019,
1436,192,107,0,1394888790,
1437,209,56,0,1394888813,
1438,219,17,1,1394888984,
1439,205,127,1,1394889017,
1440,33,60,1,1394889046,
1441,105,61,1,1394889080,
1442,202,62,1,1394889111,
1443,208,65,0,1394889279,
1444,163,170,1,1394889289,
1445,35,106,0,1394889345,
1446,17,68,1,1394889379,
1447,113,70,1,1394889420,
1448,107,65,1,1394889447,
1449,174,30,0,1394891401,
1450,95,50,1,1394892568,
1451,201,200,0,1394893302,
1452,173,211,0,1394893326,
1453,79,193,0,1394893352,
1454,151,148,0,1394893368,
1455,148,184,0,1394893390,
1456,161,202,0,1394893414,
1457,193,116,0,1394893424,
1458,173,176,0,1394894524,
1459,92,88,0,1394894875,
1460,92,30,0,1394895572,
1461,94,151,0,1394895607,
1462,167,95,0,1394895614,
1463,96,176,0,1394895617,
1464,97,194,0,1394895619,
1465,200,125,0,1394895622,
1466,108,207,0,1394898362,
1467,103,113,0,1394899290,
1468,217,110,0,1394899305,
1469,111,161,0,1394899315,
1470,6,195,0,1394901552,
1471,7,21,0,1394901572,
1472,218,196,0,1394901575,
1473,176,112,0,1394901578,
1474,61,166,0,1394901581,
1475,206,106,0,1394901595,
1476,111,21,0,1394901621,
1477,202,199,0,1394901634,
1478,206,109,0,1394903058,
1479,116,17,0,1394903085,
1480,177,172,0,1394903109,
1481,200,21,0,1394907655,
1482,51,181,0,1394907683,
1483,172,212,0,1394907720,
1484,173,24,0,1394907748,
1485,116,60,0,1394907778,
1486,50,27,0,1394908665,
1487,191,62,1,1394908692,
1488,106,30,1,1394908704,
1489,214,189,1,1394908708,
1490,115,113,1,1394908709,
1491,76,33,1,1394908711,
1492,211,194,1,1394908712,
1493,92,35,1,1394908714,
1494,174,108,1,1394908716,
1495,220,35,1,1394908717,
1496,219,200,1,1394908719,
1497,127,39,1,1394908720,
1498,215,167,1,1394908721,
1499,210,170,1,1394908723,
1500,213,184,1,1394908726,
1501,113,43,1,1394908727,
1502,158,30,1,1394908728,
1503,216,108,1,1394908730,
1504,208,188,1,1394909397,
1505,187,65,1,1394909405,
1506,170,163,1,1394909409,
1507,51,61,1,1394909487,
1508,52,21,1,1394909501,
1509,148,110,1,1394909518,
1510,153,105,0,1394910735,
1511,209,219,0,1394910901,
1512,50,205,0,1394910915,
1513,216,60,0,1394910926,
1514,61,214,0,1394910942,
1515,106,62,0,1394910957,
1516,60,189,0,1394910973,
1517,170,30,0,1394910995,
1518,68,105,1,1394913091,
1519,219,68,1,1394913149,
1520,192,188,1,1394913166,
1521,70,204,1,1394913182,
1522,107,92,1,1394913222,
1523,177,107,1,1394913235,
1524,183,176,1,1394913249,
1525,174,108,1,1394913269,
1526,168,181,1,1394913286,
1527,175,76,1,1394913304,
1528,201,61,1,1394913364,
1529,211,199,1,1394913379,
1530,6,79,1,1394913393,
1531,151,159,1,1394913410,
1532,214,184,1,1394913423,
1533,202,33,1,1394913439,
1534,195,205,1,1394913459,
1535,106,193,1,1394913480,
1536,127,159,1,1394913497,
1537,173,191,1,1394913513,
1538,119,96,1,1394913532,
1539,43,88,1,1394913572,
1540,209,174,1,1394913588,
1541,52,218,1,1394913655,
1542,127,189,1,1394913669,
1543,92,68,1,1394913720,
1544,203,195,1,1394913739,
1545,183,94,1,1394913753,
1546,95,194,1,1394913772,
1547,96,115,1,1394913786,
1548,125,97,1,1394913800,
1549,173,125,1,1394913812,
1550,167,218,1,1394913826,
1551,207,201,1,1394913843,
1552,117,108,1,1394913857,
1553,65,217,1,1394914781,
1554,188,161,1,1394914801,
1555,7,50,1,1394915608,
1556,196,212,1,1394915628,
1557,112,43,1,1394915642,
1558,207,166,1,1394915653,
1559,206,116,1,1394915683,
1560,111,199,1,1394915697,
1561,199,97,1,1394915709,
1562,148,115,1,1394915720,
1563,172,181,0,1394916262,
1564,204,176,0,1394916295,
1565,207,183,0,1394916373,
1566,61,181,0,1394918857,
1567,183,212,0,1394918867,
1568,24,208,0,1394918886,
1569,175,193,0,1394918912,
1570,28,208,1,1394923243,
1571,214,163,1,1394923834,
1572,170,115,1,1394923853,
1573,39,33,1,1394923870,
1574,194,158,1,1394923898,
1575,35,50,1,1394923912,
1576,220,215,0,1394924251,
1577,189,158,1,1394954087,
1578,188,216,1,1394954116,
1579,134,79,1,1394954151,
1580,208,173,1,1394954180,
1581,187,110,1,1394954209,
1582,117,163,1,1394954236,
1583,192,50,1,1394954264,
1584,52,51,1,1394954288,
1585,148,52,1,1394954322,
1586,114,110,1,1394954350,
1587,17,103,1,1394954399,
1588,117,192,1,1394954461,
1589,56,79,1,1394954501,
1590,220,219,0,1394955273,
1591,205,215,0,1394955296,
1592,168,189,0,1394959869,
1593,115,105,0,1394968574,
1594,106,172,0,1394968620,
1595,199,68,0,1394968645,
1596,215,70,0,1394969119,
1597,177,70,1,1394970030,
1598,174,173,1,1394970258,
1599,211,92,1,1394973388,
1600,125,79,1,1394973396,
1601,151,62,1,1394973405,
1602,194,184,1,1394973412,
1603,202,111,1,1394973421,
1604,195,193,1,1394973430,
1605,182,193,1,1394973504,
1606,159,92,1,1394973511,
1607,105,173,1,1394973526,
1608,217,209,1,1394973539,
1609,218,183,1,1394973548,
1610,127,33,1,1394973555,
1611,92,163,1,1394973563,
1612,203,189,1,1394973570,
1613,214,94,1,1394973577,
1614,95,33,1,1394973584,
1615,96,113,1,1394973591,
1616,97,200,1,1394973598,
1617,125,181,1,1394973605,
1618,167,109,1,1394973612,
1619,207,167,1,1394973619,
1620,117,210,1,1394973677,
1621,217,94,1,1394973683,
1622,161,61,1,1394973690,
1623,182,52,1,1394973699,
1624,95,6,1,1394973705,
1625,111,7,1,1394973713,
1626,196,24,1,1394973719,
1627,112,17,1,1394973725,
1628,202,166,1,1394973731,
1629,206,148,1,1394973738,
1630,214,111,1,1394973744,
1631,199,193,1,1394973751,
1632,148,17,1,1394973760,
1633,114,24,1,1394973766,
1634,206,109,1,1394973773,
1635,70,17,1,1394973780,
1636,206,172,1,1394973787,
1637,204,202,1,1394973862,
1638,183,212,1,1394973868,
1639,43,21,1,1394973874,
1640,181,112,1,1394973881,
1641,216,212,1,1394973886,
1642,199,24,1,1394973892,
1643,116,96,1,1394973898,
1644,175,88,1,1394973904,
1645,28,88,0,1394975866,
1646,191,68,0,1394975906,
1647,30,109,0,1394975947,
1648,168,214,0,1394975987,
1649,115,108,0,1394976014,
1650,115,33,0,1394976039,
1651,88,200,0,1394987924,
1652,195,39,0,1394987961,
1653,161,215,0,1394987989,
1654,210,205,0,1394988026,
1655,195,33,1,1394994550,
1656,174,43,1,1394994557,
1657,205,158,1,1394994564,
1658,216,61,1,1394994570,
1659,107,134,1,1394994577,
1660,208,209,1,1394994584,
1661,187,200,1,1394994593,
1662,163,51,1,1394994607,
1663,50,158,1,1394994618,
1664,187,51,1,1394994628,
1665,6,52,1,1394994639,
1666,119,110,1,1394994654,
1667,113,103,1,1394994662,
1668,206,192,1,1394994668,
1669,56,52,1,1394994674,
1670,153,194,1,1394994679,
1671,219,216,1,1394994687,
1672,205,61,1,1394994699,
1673,207,60,1,1394994705,
1674,107,61,1,1394994721,
1675,211,62,1,1394994727,
1676,189,76,1,1394994734,
1677,199,170,1,1394994740,
1678,151,65,1,1394994746,
1679,96,105,1,1394994752,
1680,76,106,1,1394994759,
1681,134,68,1,1394994767,
1682,6,188,1,1394994775,
1683,70,61,1,1394994780,
1684,107,17,1,1394994787,
1685,205,177,1,1394994795,
1686,176,61,1,1394994802,
1687,174,209,1,1394994808,
1688,168,177,1,1394994814,
1689,161,76,1,1394994821,
1690,201,189,1,1394994828,
1691,211,125,1,1394994835,
1692,79,17,1,1394994841,
1693,151,76,1,1394994846,
1694,39,184,1,1394994852,
1695,202,159,1,1394994859,
1696,212,195,1,1394994866,
1697,214,193,1,1394994872,
1698,127,159,1,1394994878,
1699,177,173,1,1394994884,
1700,219,119,1,1394994891,
1701,70,88,1,1394994897,
1702,209,187,1,1394994903,
1703,218,189,1,1394994911,
1704,127,183,1,1394994920,
1705,92,213,1,1394994928,
1706,52,203,1,1394994935,
1707,176,94,1,1394994942,
1708,110,95,1,1394994947,
1709,96,7,1,1394994953,
1710,21,97,1,1394994962,
1711,125,115,1,1394994970,
1712,103,167,1,1394994977,
1713,222,207,1,1394994995,
1714,117,95,1,1394995034,
1715,113,188,1,1394995041,
1716,217,111,1,1394995047,
1717,163,161,1,1394995055,
1718,238,182,1,1394995064,
1719,196,6,1,1394995094,
1720,235,7,1,1394995104,
1721,196,161,1,1394995110,
1722,70,112,1,1394995116,
1723,217,166,1,1394995124,
1724,204,206,1,1394995135,
1725,111,183,1,1394995143,
1726,199,237,1,1394995154,
1727,148,7,1,1394995161,
1728,235,114,1,1394995172,
1729,232,170,1,1394995181,
1730,52,17,1,1394995188,
1731,236,184,1,1394995196,
1732,174,204,1,1394995203,
1733,206,183,1,1394995211,
1734,21,234,1,1394995219,
1735,195,181,1,1394995226,
1736,212,211,1,1394995232,
1737,222,24,1,1394995239,
1738,236,116,1,1394995246,
1739,175,56,1,1394995255,
1740,235,230,1,1394995264,
1741,234,167,1,1394996186,
1742,166,191,0,1394996556,
1743,210,115,0,1394996572,
1744,209,33,0,1394996585,
1745,194,184,0,1394996599,
1746,221,159,0,1394996615,
1747,108,33,0,1394996628,
1748,220,213,0,1394996642,
1749,194,238,0,1394996656,
1750,39,218,0,1394996680,
1751,215,183,0,1394996694,
1752,210,238,0,1394996709,
1753,212,213,0,1394996722,
1754,226,43,0,1394996738,
1755,235,161,0,1394996752,
1756,231,153,0,1394996768,
1757,175,208,1,1394998249,
1758,204,187,1,1394998281,
1759,163,217,1,1394998306,
1760,229,173,1,1394998377,
1761,170,52,1,1395000737,
1762,127,228,1,1395000779,
1763,224,103,1,1395001222,
1764,192,215,1,1395001446,
1765,56,224,1,1395004008,
1766,211,219,0,1395004127,
1767,222,153,1,1395005518,
1768,224,221,0,1395008722,
1769,233,116,0,1395008754,
1770,189,151,0,1395008781,
1771,166,170,0,1395008806,
1772,187,65,0,1395008830,
1773,234,239,0,1395008857,
1774,106,219,0,1395008891,
1775,188,24,0,1395011987,
1776,107,208,0,1395012768,
1777,176,213,0,1395013246,
1778,168,43,0,1395013300,
1779,113,201,0,1395023414,
1780,225,222,0,1395027388,
1781,151,210,0,1395027410,
1782,184,21,0,1395027437,
1783,182,202,0,1395027454,
1784,106,195,0,1395027473,
1785,229,88,0,1395029462,
1786,218,96,0,1395029497,
1787,127,183,0,1395029520,
1788,229,92,0,1395029543,
1789,203,223,0,1395029561,
1790,115,227,0,1395029579,
1791,168,95,0,1395029593,
1792,96,229,0,1395029602,
1793,223,175,0,1395029617,
1794,125,111,0,1395029630,
1795,222,167,0,1395029642,
1796,207,218,0,1395029649,
1797,228,117,0,1395029669,
1798,113,238,0,1395029686,
1799,217,175,0,1395029702,
1800,229,161,0,1395029716,
1801,218,182,0,1395029735,
1802,6,134,0,1395029742,
1803,224,7,0,1395029745,
1804,56,196,0,1395029749,
1805,201,112,0,1395029752,
1806,215,166,0,1395029754,
1807,113,206,0,1395029758,
1808,181,111,0,1395029761,
1809,223,199,0,1395029764,
1810,52,148,0,1395029767,
1811,116,114,0,1395029771,
1812,232,151,0,1395029775,
1813,17,24,0,1395029778,
1814,236,43,0,1395029781,
1815,210,204,0,1395029784,
1816,43,183,0,1395029788,
1817,17,21,0,1395029791,
1818,188,181,0,1395029795,
1819,212,114,0,1395029798,
1820,196,24,0,1395029802,
1821,166,116,0,1395029805,
1822,176,175,0,1395029807,
1823,230,208,0,1395029812,
1824,181,28,0,1395029814,
1825,239,191,0,1395029816,
1826,234,230,0,1395029820,
1827,214,127,0,1395029821,
1828,115,96,0,1395029824,
1829,33,188,0,1395029828,
1830,201,194,0,1395029830,
1831,221,115,0,1395029832,
1832,56,108,0,1395029836,
1833,56,108,0,1395029838,
1834,238,210,0,1395029853,
1835,237,39,0,1395029857,
1836,191,215,0,1395029860,
1837,240,210,0,1395029863,
1838,213,125,0,1395029866,
1839,43,211,0,1395029869,
1840,235,187,0,1395029872,
1841,231,108,0,1395029875,
1842,134,166,0,1395029877,
1843,208,183,0,1395029882,
1844,187,215,0,1395029888,
1845,166,163,0,1395029892,
1846,225,234,0,1395029947,
1847,52,233,0,1395029950,
1848,192,228,0,1395029952,
1849,192,203,0,1395031713,
1850,56,21,0,1395031740,
1851,153,214,0,1395031764,
1852,219,153,0,1395031802,
1853,205,201,0,1395031846,
1854,228,60,0,1395031876,
1855,224,153,0,1395031906,
1856,233,173,0,1395031946,
1857,170,218,0,1395035336,
1858,231,65,0,1395035379,
1859,209,239,0,1395035430,
1860,189,106,0,1395035488,
1861,240,167,0,1395035516,
1862,166,188,0,1395035553,
1863,231,70,0,1395035585,
1864,217,107,0,1395035608,
1865,177,43,0,1395035615,
1866,174,127,0,1395035700,
1867,117,226,0,1395035992,
1868,134,211,0,1395036074,
1869,151,229,0,1395040074,
1870,219,159,0,1395042433,
1871,153,173,0,1395042458,
1872,119,111,0,1395042480,
1873,88,206,0,1395042502,
1874,209,230,0,1395042524,
1875,238,127,0,1395043564,
1876,153,92,0,1395043668,
1877,227,161,0,1395044425,
1878,95,189,0,1395044456,
1879,96,39,0,1395044479,
1880,127,202,1,1395047626,
1881,167,159,1,1395047662,
1882,240,207,1,1395047691,
1883,117,65,1,1395047719,
1884,221,217,0,1395049246,
1885,96,161,0,1395049292,
1886,7,168,0,1395049370,
1887,230,166,0,1395049439,
1888,206,229,0,1395049497,
1889,151,111,0,1395049553,
1890,199,187,0,1395049587,
1891,33,114,0,1395049660,
1892,232,233,0,1395049683,
1893,17,119,0,1395049712,
1894,236,181,0,1395049762,
1895,24,204,0,1395049878,
1896,181,183,0,1395049893,
1897,21,201,0,1395049921,
1898,181,223,0,1395050005,
1899,196,212,0,1395050020,
1900,222,24,0,1395050036,
1901,192,116,0,1395050051,
1902,175,221,0,1395050070,
1903,230,187,0,1395050104,
1904,28,234,0,1395050139,
1905,191,127,0,1395050169,
1906,214,215,1,1395050358,
1907,222,115,1,1395050384,
1908,33,211,1,1395050405,
1909,194,28,1,1395050428,
1910,203,234,0,1395050432,
1911,222,108,0,1395050453,
1912,39,230,1,1395051104,
1913,184,215,1,1395051125,
1914,229,210,1,1395051145,
1915,43,173,0,1395051207,
1916,236,235,0,1395051257,
1917,215,231,0,1395051286,
1918,208,213,0,1395052973,
1919,163,203,0,1395052992,
1920,33,229,0,1395053018,
1921,168,225,0,1395053036,
1922,52,116,0,1395053053,
1923,228,204,0,1395053072,
1924,96,103,0,1395053089,
1925,192,116,0,1395053105,
1926,56,208,0,1395053127,
1927,153,21,0,1395053144,
1928,127,219,0,1395053185,
1929,205,177,0,1395053205,
1930,229,60,0,1395053225,
1931,224,206,0,1395053253,
1932,17,189,0,1395055593,
1933,103,170,0,1395055659,
1934,201,106,0,1395058916,
1935,188,189,1,1395059632,
1936,70,43,1,1395059664,
1937,206,107,1,1395059705,
1938,114,176,1,1395059921,
1939,207,174,1,1395060104,
1940,21,211,0,1395061676,
1941,151,161,1,1395062100,
1942,184,168,1,1395062141,
1943,202,176,1,1395062211,
1944,237,108,0,1395063892,
1945,202,159,0,1395063914,
1946,173,234,0,1395063941,
1947,119,103,0,1395063967,
1948,88,196,0,1395063991,
1949,7,218,0,1395064012,
1950,92,39,0,1395064195,
1951,65,203,0,1395064218,
1952,227,103,0,1395064242,
1953,106,95,0,1395064266,
1954,236,223,0,1395064439,
1955,125,208,0,1395064479,
1956,167,191,0,1395064520,
1957,207,103,0,1395064533,
1958,211,113,0,1395066542,
1959,217,60,0,1395066564,
1960,161,166,0,1395066580,
1961,7,119,1,1395066840,
1962,112,243,0,1395069604,
1963,125,206,0,1395069624,
1964,245,217,1,1395073595,
1965,249,148,1,1395073621,
1966,259,168,1,1395073646,
1967,232,182,1,1395073670,
1968,6,17,1,1395073695,
1969,183,177,1,1395074279,
1970,226,21,1,1395074300,
1971,181,111,1,1395074324,
1972,230,260,0,1395076364,
1973,7,175,0,1395076856,
1974,209,119,1,1395076889,
1975,263,52,0,1395076894,
1976,183,28,1,1395076905,
1977,267,205,0,1395076917,
1978,277,201,1,1395076927,
1979,214,96,0,1395076942,
1980,269,232,1,1395076948,
1981,248,194,1,1395076986,
1982,232,33,0,1395076991,
1983,221,233,1,1395076999,
1984,220,233,1,1395077023,
1985,273,238,1,1395077038,
1986,39,111,1,1395077051,
1987,195,262,1,1395077067,
1988,187,210,1,1395077080,
1989,274,209,1,1395077095,
1990,194,43,1,1395077107,
1991,235,187,1,1395077124,
1992,231,203,1,1395077137,
1993,134,174,1,1395077152,
1994,208,6,1,1395077172,
1995,245,187,1,1395077211,
1996,187,163,1,1395077233,
1997,276,229,1,1395077248,
1998,245,52,1,1395077429,
1999,228,263,1,1395077444,
2000,272,103,1,1395077467,
2001,56,176,1,1395079192,
2002,153,56,1,1395079524,
2003,222,272,1,1395083493,
2004,205,168,0,1395085396,
2005,268,226,0,1395087045,
2006,170,201,0,1395087074,
2007,65,92,0,1395087091,
2008,273,96,0,1395087143,
2009,265,272,0,1395087162,
2010,240,270,0,1395087180,
2011,188,265,0,1395087192,
2012,263,70,0,1395087203,
2013,266,117,0,1395087216,
2014,177,233,0,1395087227,
2015,264,176,0,1395087248,
2016,270,168,0,1395111332,
2017,273,226,0,1395111351,
2018,271,184,0,1395116004,
2019,174,222,0,1395116049,
2020,151,163,0,1395116078,
2021,17,202,1,1395135100,
2022,92,119,1,1395140147,
2023,291,112,1,1395140188,
2024,209,229,1,1395140223,
2025,127,287,1,1395140305,
2026,127,125,1,1395140338,
2027,92,207,1,1395140359,
2028,283,103,1,1395140376,
2029,227,209,1,1395140383,
2030,96,6,1,1395140405,
2031,290,292,1,1395140407,
2032,286,281,1,1395140431,
2033,39,125,1,1395140443,
2034,287,264,1,1395140455,
2035,207,196,1,1395140473,
2036,236,113,1,1395140520,
2037,161,285,1,1395140548,
2038,296,161,1,1395140577,
2039,182,111,1,1395140675,
2040,214,6,1,1395140701,
2041,208,112,0,1395142140,
2042,292,289,0,1395142172,
2043,231,111,0,1395143802,
2044,196,112,0,1395145705,
2045,202,259,0,1395145734,
2046,263,232,0,1395145760,
2047,17,195,0,1395145796,
2048,127,282,0,1395159819,
2049,183,163,0,1395159840,
2050,289,181,0,1395159863,
2051,181,240,0,1395159884,
2052,276,175,0,1395159906,
2053,288,148,0,1395159930,
2054,127,116,0,1395159952,
2055,175,153,0,1395159970,
2056,33,263,0,1395159991,
2057,183,28,0,1395160011,
2058,267,119,0,1395160028,
2059,277,292,0,1395160048,
2060,214,206,0,1395160066,
2061,161,269,0,1395160087,
2062,274,33,0,1395160100,
2063,194,7,0,1395160118,
2064,52,28,1,1395160207,
2065,236,108,1,1395160214,
2066,153,220,1,1395160222,
2067,298,269,1,1395160230,
2068,39,112,1,1395160236,
2069,295,214,1,1395160244,
2070,299,210,1,1395160254,
2071,175,274,1,1395160260,
2072,296,299,1,1395160268,
2073,235,195,1,1395160275,
2074,175,231,1,1395160281,
2075,134,6,1,1395160287,
2076,208,192,1,1395160292,
2077,229,236,0,1395165264,
2078,229,236,0,1395165265,
2079,286,228,0,1395171199,
2080,161,103,0,1395171219,
2081,192,184,0,1395171252,
2082,281,187,1,1395174593,
2083,271,219,0,1395177563,
2084,294,298,0,1395180210,
2085,224,168,0,1395180239,
2086,289,300,0,1395180265,
2087,240,268,0,1395180287,
2088,170,33,0,1395180313,
2089,168,65,0,1395180341,
2090,273,28,0,1395180372,
2091,273,28,0,1395180375,
2092,70,39,0,1395180750,
2093,274,176,0,1395181980,
2094,240,174,1,1395182015,
2095,192,296,0,1395182191,
2096,177,288,0,1395182306,
2097,249,176,0,1395226700,
2098,188,291,0,1395230213,
2099,229,248,1,1395233639,
2100,92,168,1,1395238959,
2101,92,125,1,1395238987,
2102,283,6,1,1395239013,
